{
  "project_info": {
    "project_number": "39552429731",
    "project_id": "rider-z",
    "storage_bucket": "rider-z.appspot.com"
  },
  "client": [
    {
      "client_info": {
        "mobilesdk_app_id": "1:39552429731:android:aea4fc296c73db06de9916",
        "android_client_info": {
          "package_name": "com.iconic.juber_car_booking"
        }
      },
      "oauth_client": [
        {
          "client_id": "39552429731-385bsp7ek4d9sbbdmrtpbar1v0cludms.apps.googleusercontent.com",
          "client_type": 3
        }
      ],
      "api_key": [
        {
          "current_key": "AIzaSyDg332sOSIP4kw1pJPpv-gRq2ACWfLY5pM"
        }
      ],
      "services": {
        "appinvite_service": {
          "other_platform_oauth_client": [
            {
              "client_id": "39552429731-385bsp7ek4d9sbbdmrtpbar1v0cludms.apps.googleusercontent.com",
              "client_type": 3
            }
          ]
        }
      }
    }
  ],
  "configuration_version": "1"
}